Date,open,close,high,low,volume,money,range
2017-04-20,8.34,8.36,8.38,8.33,46700866.0,390063543.84,0.24
2017-04-21,8.36,8.41,8.42,8.34,34725324.0,291126076.24,0.6
2017-04-24,8.41,8.37,8.42,8.33,42151181.0,352926394.67,-0.48
2017-04-25,8.37,8.43,8.44,8.37,40330450.0,339230143.97,0.72
2017-04-26,8.43,8.42,8.44,8.4,40780109.0,343316092.51,-0.12
2017-04-27,8.41,8.41,8.42,8.35,41339873.0,346186989.88,0.0
2017-04-28,8.4,8.42,8.42,8.36,30567588.0,256106698.72,0.24
2017-05-02,8.4,8.38,8.4,8.34,33190569.0,277665881.67,-0.24
2017-05-03,8.36,8.35,8.37,8.33,29912840.0,249660877.22,-0.12
2017-05-04,8.33,8.19,8.33,8.17,74327516.0,613783434.31,-1.68
2017-05-05,8.19,8.09,8.21,8.04,66557070.0,539541739.86,-1.22
2017-05-08,8.06,8.03,8.08,8.0,49097632.0,394424117.19,-0.37
2017-05-09,8.02,8.1,8.1,8.01,34595805.0,279119676.49,1.0
2017-05-10,8.09,8.12,8.25,8.08,61154913.0,498675307.83,0.37
2017-05-11,8.11,8.15,8.17,8.06,53745379.0,436444282.31,0.49
2017-05-12,8.13,8.34,8.34,8.1,97959259.0,809131900.14,2.58
2017-05-15,8.33,8.3,8.39,8.26,57259940.0,476417671.72,-0.36
2017-05-16,8.28,8.28,8.29,8.18,56010769.0,461069300.97,0.0
2017-05-17,8.26,8.22,8.26,8.2,44535446.0,365987542.61,-0.48
2017-05-18,8.17,8.18,8.22,8.16,24266685.0,198765579.76,0.12
2017-05-19,8.19,8.14,8.21,8.13,31402562.0,256396867.64,-0.61
2017-05-22,8.13,8.13,8.18,8.07,72471026.0,588546725.07,0.0
2017-05-23,8.12,8.24,8.28,8.1,85374793.0,702123772.98,1.48
2017-05-24,8.23,8.26,8.27,8.13,56811583.0,466560635.92,0.36
2017-05-25,8.24,8.53,8.57,8.23,173040007.0,1462763018.52,3.52
2017-05-26,8.51,8.53,8.56,8.47,95547282.0,813387170.15,0.24
2017-05-31,8.53,8.62,8.65,8.49,110257174.0,948741889.7,1.06
2017-06-01,8.62,8.61,8.65,8.55,60419134.0,519544675.84,-0.12
2017-06-02,8.6,8.59,8.71,8.57,82249898.0,710119498.1,-0.12
2017-06-05,8.56,8.46,8.59,8.42,67670284.0,573460396.83,-1.17
2017-06-06,8.44,8.47,8.49,8.42,37919607.0,320520904.31,0.36
2017-06-07,8.45,8.56,8.57,8.44,68907149.0,587357671.16,1.3
2017-06-08,8.54,8.56,8.57,8.51,40871607.0,348860774.3,0.23
2017-06-09,8.57,8.57,8.64,8.55,73148444.0,628281688.31,0.0
2017-06-12,8.57,8.54,8.61,8.53,53845115.0,461493689.83,-0.35
2017-06-13,8.54,8.55,8.57,8.48,47853899.0,407876695.89,0.12
2017-06-14,8.55,8.51,8.56,8.47,40064837.0,340596135.74,-0.47
2017-06-15,8.51,8.47,8.51,8.46,36047470.0,305610500.17,-0.47
2017-06-16,8.47,8.45,8.51,8.44,30518999.0,258559005.29,-0.24
2017-06-19,8.46,8.56,8.57,8.45,52257933.0,446000772.99,1.18
2017-06-20,8.55,8.55,8.58,8.52,33466902.0,286053883.71,0.0
2017-06-21,8.59,8.57,8.6,8.54,53029189.0,454488888.04,-0.23
2017-06-22,8.57,8.67,8.81,8.57,152275170.0,1325210564.64,1.17
2017-06-23,8.65,8.67,8.69,8.58,62320938.0,538303574.27,0.23
2017-06-26,8.68,8.71,8.81,8.68,75848486.0,663762850.04,0.35
2017-06-27,8.71,8.77,8.8,8.69,58267090.0,509162008.98,0.69
2017-06-28,8.76,8.84,8.89,8.74,124725903.0,1102438099.9,0.91
2017-06-29,8.84,8.84,8.86,8.78,52161865.0,459810415.62,0.0
2017-06-30,8.81,8.8,8.84,8.72,53317453.0,468003516.72,-0.11
2017-07-03,8.81,8.81,8.84,8.75,41441977.0,364465847.32,0.0
2017-07-04,8.81,8.75,8.82,8.71,52114694.0,456577021.25,-0.68
2017-07-05,8.71,8.78,8.79,8.69,60583178.0,529294114.24,0.8
2017-07-06,8.77,8.81,8.82,8.72,78851597.0,691387184.15,0.46
2017-07-07,8.78,8.87,8.88,8.75,81141418.0,717084352.18,1.03
2017-07-10,8.86,8.99,9.05,8.85,145216925.0,1303090005.36,1.47
2017-07-11,9.01,9.61,9.8,9.01,406799692.0,3842010171.29,6.66
2017-07-12,9.62,9.69,9.91,9.56,320016030.0,3113681338.88,0.73
2017-07-13,9.65,10.21,10.21,9.6,319556129.0,3180144566.46,5.8
2017-07-14,10.13,10.21,10.25,9.99,183820864.0,1864449201.5,0.79
2017-07-17,10.26,10.13,10.62,10.05,349285215.0,3608692279.05,-1.27
2017-07-18,10.07,10.35,10.44,9.95,250715232.0,2558433986.13,2.78
2017-07-19,10.3,10.39,10.49,10.2,206284581.0,2131336294.18,0.87
2017-07-20,10.38,10.28,10.51,10.22,164054211.0,1695060974.17,-0.96
2017-07-21,10.3,10.35,10.41,10.16,157889011.0,1625416436.89,0.49
2017-07-24,10.29,10.41,10.51,10.2,178047671.0,1846886678.93,1.17
2017-07-25,10.44,10.46,10.71,10.41,205617808.0,2172114597.09,0.19
2017-07-26,10.38,10.21,10.63,10.13,178547068.0,1846282151.77,-1.64
2017-07-27,10.19,10.07,10.24,10.01,125645833.0,1273888886.18,-1.18
2017-07-28,10.09,10.21,10.28,10.06,86169368.0,877769279.49,1.19
2017-07-31,10.27,10.14,10.29,9.93,165761729.0,1671814035.24,-1.27
2017-08-01,10.12,10.5,10.53,10.08,214131874.0,2222887933.96,3.75
2017-08-02,10.51,10.6,10.78,10.42,216904536.0,2307726682.94,0.86
2017-08-03,10.59,10.47,10.67,10.43,103527884.0,1090954131.84,-1.13
2017-08-04,10.46,10.62,10.73,10.39,142419204.0,1511389828.31,1.53
2017-08-07,10.51,10.46,10.62,10.36,90529289.0,946975699.56,-0.48
2017-08-08,10.46,10.51,10.56,10.37,72534091.0,758872028.53,0.48
2017-08-09,10.42,10.2,10.48,10.15,109639552.0,1126512107.82,-2.11
2017-08-10,10.17,10.1,10.29,10.02,100967674.0,1026676005.5,-0.69
2017-08-11,9.96,9.53,10.02,9.5,256725937.0,2501779371.25,-4.32
2017-08-14,9.63,9.72,9.74,9.54,121772212.0,1175479138.54,0.93
2017-08-15,9.73,9.8,9.99,9.71,113093977.0,1116749994.49,0.72
2017-08-16,9.78,9.83,9.86,9.65,79606770.0,778517621.68,0.51
2017-08-17,9.84,9.91,9.91,9.78,58236403.0,573093949.61,0.71
2017-08-18,9.85,9.93,10.08,9.78,64850434.0,643188717.21,0.81
2017-08-21,9.92,9.94,10.0,9.88,41986228.0,417653110.85,0.2
2017-08-22,9.96,10.12,10.13,9.86,92111055.0,922881865.79,1.61
2017-08-23,10.11,10.36,10.44,10.07,138758704.0,1430051908.04,2.47
2017-08-24,10.35,10.39,10.56,10.31,97219692.0,1014933651.98,0.39
2017-08-25,10.4,10.56,10.62,10.36,101394741.0,1068994547.06,1.54
2017-08-28,10.55,10.79,10.97,10.55,168714764.0,1828380086.0,2.27
2017-08-29,10.74,11.09,11.16,10.72,142843339.0,1569230034.16,3.26
2017-08-30,11.1,10.87,11.12,10.79,115356820.0,1264128140.68,-2.07
2017-08-31,10.83,10.72,10.88,10.6,121153899.0,1297730595.72,-1.02
2017-09-01,10.72,10.66,10.83,10.6,100977870.0,1080996319.27,-0.56
2017-09-04,10.63,11.14,11.14,10.62,142248170.0,1551875033.9,4.8
2017-09-05,11.1,11.07,11.35,11.03,135431283.0,1513759541.19,-0.27
2017-09-06,11.02,11.12,11.29,10.91,83268940.0,925519043.82,0.91
2017-09-07,11.08,10.88,11.17,10.83,64605013.0,711036421.43,-1.81
2017-09-08,10.89,10.92,11.07,10.82,50624386.0,553644520.36,0.28
2017-09-11,10.97,10.82,11.11,10.74,73576009.0,801825014.63,-1.37
2017-09-12,10.82,10.97,10.97,10.71,89008184.0,962032172.14,1.39
2017-09-13,10.92,10.87,10.97,10.78,70290433.0,765028184.64,-0.46
2017-09-14,10.87,10.76,11.02,10.69,92890071.0,1005775578.24,-1.01
2017-09-15,10.73,10.73,10.76,10.6,67961300.0,726061100.45,0.0
2017-09-18,10.7,10.7,10.76,10.65,63913479.0,684223023.19,0.0
2017-09-19,10.7,10.58,10.78,10.53,80385854.0,853815999.65,-1.12
2017-09-20,10.59,10.73,10.81,10.51,82799081.0,884640964.21,1.32
2017-09-21,10.7,10.89,10.94,10.65,72832876.0,788605300.87,1.78
2017-09-22,10.87,10.88,10.95,10.75,62473948.0,677622489.51,0.09
2017-09-25,10.88,10.73,10.89,10.63,56001049.0,602270302.75,-1.38
2017-09-26,10.7,10.51,10.74,10.42,101765096.0,1074228193.8,-1.78
2017-09-27,10.47,10.39,10.53,10.36,76491337.0,798377280.05,-0.76
2017-09-28,10.44,10.34,10.44,10.29,54405243.0,563485127.39,-0.96
2017-09-29,10.38,10.56,10.61,10.32,71767552.0,753852534.72,1.73
2017-10-09,11.0,10.74,11.07,10.7,139397763.0,1520609511.57,-2.36
2017-10-10,10.77,10.9,10.93,10.77,78672627.0,853665849.11,1.21
2017-10-11,10.91,10.96,11.01,10.78,69221742.0,756203405.4,0.46
2017-10-12,10.97,10.98,11.01,10.9,60805426.0,667148377.69,0.09
2017-10-13,10.99,10.8,10.99,10.7,77562965.0,839662734.96,-1.73
2017-10-16,10.8,11.02,11.03,10.73,109000939.0,1190724204.76,2.04
2017-10-17,11.05,10.94,11.08,10.91,53264199.0,585333998.33,-1.0
2017-10-18,10.96,11.11,11.12,10.94,91657017.0,1011050927.7,1.37
2017-10-19,11.07,11.06,11.14,11.0,76026051.0,841546799.4,-0.09
2017-10-20,11.02,10.91,11.02,10.85,48576582.0,529747048.16,-1.0
2017-10-23,10.83,10.64,10.84,10.6,113020626.0,1206888281.81,-1.75
2017-10-24,10.65,10.83,10.86,10.63,65097786.0,700896871.75,1.69
2017-10-25,10.8,10.71,10.81,10.7,44028842.0,472708177.86,-0.83
2017-10-26,10.7,10.63,10.76,10.57,97719065.0,1041707022.88,-0.65
2017-10-27,10.64,10.99,10.99,10.63,143064516.0,1548543731.64,3.29
2017-10-30,10.98,10.99,11.15,10.89,134456000.0,1484495472.54,0.09
2017-10-31,10.98,10.97,11.01,10.83,66004446.0,721237474.23,-0.09
2017-11-01,10.99,10.84,11.02,10.76,72854962.0,792881042.82,-1.36
2017-11-02,10.8,10.97,11.01,10.7,63565888.0,689229873.86,1.57
2017-11-03,10.92,10.83,11.1,10.79,78190648.0,852032107.89,-0.82
2017-11-06,10.86,10.72,10.86,10.54,108333224.0,1157303985.6,-1.29
2017-11-07,10.71,11.33,11.49,10.7,260567386.0,2914269160.44,5.79
2017-11-08,11.41,11.53,11.97,11.34,448397317.0,5199224276.82,1.05
2017-11-09,11.6,11.72,11.95,11.55,241436466.0,2839861735.04,1.03
2017-11-10,11.76,11.69,11.93,11.55,184873080.0,2167126597.89,-0.6
2017-11-13,11.74,12.26,12.45,11.74,270007253.0,3307955288.74,4.43
2017-11-14,12.31,12.31,12.61,12.18,187266124.0,2318092534.32,0.0
2017-11-15,12.26,12.26,12.48,12.14,132857706.0,1627912725.03,0.0
2017-11-16,12.26,12.45,12.47,12.05,126311083.0,1550701791.1,1.55
2017-11-17,12.52,12.53,12.8,12.39,217123395.0,2731215933.75,0.08
2017-11-20,12.48,13.55,13.55,12.41,299146338.0,3860145472.82,8.57
2017-11-21,13.38,13.74,14.06,13.32,262478076.0,3609849024.92,2.69
2017-11-22,13.77,14.36,14.49,13.77,270357027.0,3839501153.96,4.28
2017-11-23,14.4,13.64,14.49,13.38,255516150.0,3562843399.78,-5.28
2017-11-24,13.59,13.84,13.87,13.1,276663900.0,3732597275.58,1.84
2017-11-27,13.59,13.24,13.59,13.07,217116622.0,2878491901.47,-2.58
2017-11-28,13.17,13.02,13.17,12.74,185807172.0,2396540133.1,-1.14
2017-11-29,13.05,13.14,13.24,12.81,164523725.0,2148312654.99,0.69
2017-11-30,13.02,12.72,13.05,12.61,145120863.0,1866700884.59,-2.3
2017-12-01,12.74,12.36,12.82,12.32,187753215.0,2354299656.82,-2.98
2017-12-04,12.41,12.64,12.71,12.36,152945547.0,1923315712.98,1.85
2017-12-05,12.5,12.64,12.82,12.45,181310269.0,2301867653.62,1.12
2017-12-06,12.61,12.43,12.62,12.16,170387949.0,2104168537.1,-1.43
2017-12-07,12.41,12.2,12.49,12.12,124327561.0,1526953344.35,-1.69
2017-12-08,12.25,12.44,12.44,12.12,142141874.0,1751423112.52,1.55
2017-12-11,12.43,12.83,12.9,12.24,237929861.0,2980735572.46,3.22
2017-12-12,12.74,12.38,12.82,12.38,183385043.0,2302354901.5,-2.83
2017-12-13,12.36,12.48,12.55,12.24,135613189.0,1679022035.87,0.97
2017-12-14,12.5,12.36,12.65,12.27,105397976.0,1311131917.66,-1.12
2017-12-15,12.26,12.09,12.29,12.05,115701598.0,1405372004.04,-1.39
2017-12-18,12.1,12.12,12.27,12.02,84725052.0,1029422753.28,0.17
2017-12-19,12.16,12.63,12.66,12.11,252234375.0,3138687565.9,3.87
2017-12-20,12.55,12.61,12.65,12.48,116363500.0,1463802116.67,0.48
2017-12-21,12.53,12.87,13.01,12.51,156225302.0,2005617683.86,2.71
2017-12-22,12.83,12.85,12.96,12.79,78144126.0,1004525768.54,0.16
2017-12-25,12.85,12.6,13.18,12.51,166782344.0,2145040658.23,-1.95
2017-12-26,12.61,12.99,13.01,12.54,118198331.0,1510826264.44,3.01
2017-12-27,12.91,12.63,13.1,12.54,143746166.0,1848165006.46,-2.17
2017-12-28,12.63,12.56,12.8,12.38,163359879.0,2052944539.14,-0.55
2017-12-29,12.56,12.64,12.77,12.45,103390735.0,1303222040.36,0.64
2018-01-02,12.69,13.02,13.24,12.66,218958168.0,2856543822.18,2.6
2018-01-03,13.05,12.67,13.18,12.55,311618726.0,4006220766.94,-2.91
2018-01-04,12.66,12.6,12.71,12.48,195071797.0,2454543516.41,-0.47
2018-01-05,12.56,12.64,12.69,12.5,127310148.0,1603289517.93,0.64
2018-01-08,12.6,12.32,12.63,12.23,227060603.0,2806099169.66,-2.22
2018-01-09,12.32,12.43,12.55,12.28,141408720.0,1754315792.47,0.89
2018-01-10,12.4,12.81,12.82,12.28,252795490.0,3196055830.91,3.31
2018-01-11,12.75,12.74,12.92,12.62,151878349.0,1937494294.07,-0.08
2018-01-12,12.79,12.88,13.01,12.75,142423395.0,1833435672.07,0.7
2018-01-15,12.84,13.5,13.62,12.83,328437848.0,4376707088.52,5.14
2018-01-16,13.47,13.5,13.67,13.33,257136764.0,3479177087.3,0.22
2018-01-17,13.62,13.53,14.07,13.5,279409758.0,3849312882.21,-0.66
2018-01-18,13.69,13.99,13.99,13.58,225946242.0,3120455742.35,2.19
2018-01-19,14.07,14.07,14.38,13.96,270453298.0,3832857440.3,0.0
2018-01-22,13.88,13.73,14.2,13.72,218145549.0,3032799070.35,-1.08
2018-01-23,13.65,13.93,14.17,13.62,251271775.0,3492462005.57,2.05
2018-01-24,13.94,13.92,14.34,13.78,272572352.0,3838734922.63,-0.14
2018-01-25,13.74,13.5,13.76,13.31,249293496.0,3360822344.56,-1.75
2018-01-26,13.48,13.36,13.63,13.33,213845630.0,2885104627.01,-0.89
2018-01-29,13.36,13.06,13.55,12.93,219900034.0,2911452095.24,-2.25
2018-01-30,13.02,12.98,13.16,12.88,115153292.0,1497708872.63,-0.31
2018-01-31,12.93,13.36,13.36,12.86,183839806.0,2423104767.05,3.33
2018-02-01,13.26,13.34,13.59,13.16,210966230.0,2821583609.23,0.6
2018-02-02,13.22,13.36,13.4,12.96,123754799.0,1637619618.32,1.06
2018-02-05,13.12,13.83,13.85,13.05,245297760.0,3326355314.78,5.41
2018-02-06,13.53,13.31,13.62,13.24,271686662.0,3641294710.26,-1.63
2018-02-07,13.52,12.28,13.59,12.13,351928652.0,4521586590.19,-9.17
2018-02-08,12.2,11.92,12.28,11.91,224872091.0,2711464886.05,-2.3
2018-02-09,11.48,11.11,11.48,10.82,297150287.0,3308553501.52,-3.22
2018-02-12,11.2,11.14,11.26,10.99,129252938.0,1439644312.04,-0.54
2018-02-13,11.28,11.35,11.61,11.26,136552578.0,1562420005.24,0.62
2018-02-14,11.37,11.41,11.44,11.18,90902282.0,1030474410.44,0.35
2018-02-22,11.65,11.85,11.91,11.65,133420861.0,1573562575.57,1.72
2018-02-23,11.96,11.99,12.16,11.84,106625015.0,1278185721.74,0.25
2018-02-26,12.14,12.01,12.22,11.84,110001075.0,1318960463.96,-1.07
2018-02-27,12.02,11.67,12.07,11.59,135257755.0,1590018492.14,-2.91
2018-02-28,11.5,11.46,11.59,11.34,127713320.0,1463313702.75,-0.35
2018-03-01,11.33,11.45,11.55,11.31,93297086.0,1069354491.03,1.06
2018-03-02,11.33,11.36,11.45,11.27,69752580.0,791736473.27,0.26
2018-03-05,11.34,11.28,11.48,11.22,79330874.0,897244265.05,-0.53
2018-03-06,11.36,11.5,11.51,11.19,120983077.0,1373438382.66,1.23
2018-03-07,11.55,11.46,11.73,11.45,150163000.0,1744085270.04,-0.78
2018-03-08,11.46,11.51,11.55,11.36,72553823.0,832153697.14,0.44
2018-03-09,11.55,11.49,11.6,11.39,99284354.0,1139043574.63,-0.52
2018-03-12,11.55,11.44,11.57,11.36,133451918.0,1526643478.92,-0.95
2018-03-13,11.45,11.43,11.62,11.41,113841333.0,1309543466.56,-0.17
2018-03-14,11.39,11.33,11.41,11.25,66856757.0,757090756.43,-0.53
2018-03-15,11.21,11.13,11.27,11.08,121565001.0,1356878634.17,-0.71
2018-03-16,11.14,11.07,11.27,11.07,101294116.0,1130784170.87,-0.63
2018-03-19,11.08,11.25,11.26,11.04,85048420.0,947664744.37,1.53
2018-03-20,11.16,11.24,11.29,11.14,81641523.0,916858475.86,0.72
2018-03-21,11.36,11.31,11.52,11.27,152007909.0,1736437401.21,-0.44
2018-03-22,11.31,11.08,11.38,11.05,103534095.0,1155741055.87,-2.03
2018-03-23,10.7,10.78,10.79,10.38,192040418.0,2037734400.09,0.75
2018-03-26,10.6,10.39,10.65,10.32,145537702.0,1519435011.09,-1.98
2018-03-27,10.55,10.4,10.62,10.32,116120362.0,1213989931.18,-1.42
2018-03-28,10.31,10.35,10.59,10.26,115603867.0,1201023442.21,0.39
2018-03-29,10.38,10.51,10.62,10.03,139963155.0,1445281829.86,1.25
2018-03-30,10.5,10.36,10.51,10.34,79119505.0,823438180.73,-1.33
2018-04-02,10.33,10.18,10.45,10.17,116686569.0,1200911980.38,-1.45
2018-04-03,10.08,10.04,10.14,9.99,93695587.0,942237800.69,-0.4
2018-04-04,10.15,10.33,10.47,10.08,168562285.0,1737258898.28,1.77
2018-04-09,10.27,10.48,10.55,10.2,113055416.0,1180084371.59,2.04
2018-04-10,10.48,10.86,10.89,10.43,146311072.0,1562265089.74,3.63
2018-04-11,10.83,11.25,11.33,10.82,220470548.0,2458982163.44,3.88
2018-04-12,11.22,10.95,11.25,10.86,123398788.0,1364675848.46,-2.41
2018-04-13,11.07,11.0,11.21,10.89,136771082.0,1516155527.17,-0.63
2018-04-16,10.9,10.55,10.9,10.49,150110668.0,1593706086.4,-3.21
2018-04-17,10.57,10.66,10.89,10.56,136943143.0,1468159349.66,0.85
2018-04-18,10.89,10.93,11.04,10.72,155240943.0,1692722923.5,0.37
2018-04-19,10.95,10.9,11.11,10.86,89318320.0,979593564.6,-0.46
2018-04-20,10.94,10.79,11.01,10.65,100842574.0,1090801311.42,-1.37
2018-04-23,10.74,11.0,11.04,10.7,112581396.0,1228544006.32,2.42
2018-04-24,11.06,11.28,11.35,11.01,153689788.0,1725152198.09,1.99
2018-04-25,11.18,11.1,11.23,11.06,76817238.0,854713248.88,-0.72
2018-04-26,11.08,10.86,11.11,10.75,91958964.0,1002483154.12,-1.99
2018-04-27,10.92,10.31,10.94,10.11,285037482.0,2958464277.86,-5.59
2018-05-02,10.43,10.34,10.49,10.27,125228530.0,1295804420.86,-0.86
2018-05-03,10.32,10.22,10.34,10.05,134782990.0,1372765845.83,-0.97
2018-05-04,10.2,10.15,10.3,10.13,74736943.0,761302468.67,-0.49
2018-05-07,10.17,10.28,10.3,10.12,102485504.0,1046743101.92,1.08
2018-05-08,10.3,10.47,10.6,10.27,144455021.0,1511546681.16,1.65
2018-05-09,10.44,10.43,10.49,10.34,66021776.0,687036874.44,-0.1
2018-05-10,10.49,10.47,10.54,10.37,58141079.0,607349997.23,-0.19
2018-05-11,10.5,10.47,10.58,10.42,81243876.0,853271166.64,-0.29
2018-05-14,10.54,10.63,10.68,10.49,109321396.0,1158064201.07,0.85
2018-05-15,10.63,10.57,10.64,10.48,70398147.0,742590447.65,-0.56
2018-05-16,10.52,10.36,10.52,10.35,75142185.0,782694669.69,-1.52
2018-05-17,10.37,10.29,10.4,10.25,61692061.0,635675440.98,-0.77
2018-05-18,10.28,10.42,10.43,10.23,60839029.0,628250184.92,1.36
2018-05-21,10.52,10.41,10.56,10.39,80314427.0,838750577.65,-1.05
2018-05-22,10.41,10.32,10.44,10.26,62047330.0,639815249.44,-0.86
2018-05-23,10.29,10.12,10.29,10.1,104242836.0,1058587812.32,-1.65
2018-05-24,10.13,10.09,10.15,10.06,72385206.0,730678763.88,-0.39
2018-05-25,10.09,10.07,10.14,10.03,62411682.0,629735450.6,-0.2
2018-05-28,10.06,10.07,10.13,9.99,59894038.0,602590746.57,0.1
2018-05-29,10.06,9.87,10.11,9.84,93564031.0,930386966.63,-1.89
2018-05-30,9.78,9.58,9.78,9.55,118278125.0,1139918753.16,-2.04
2018-05-31,9.61,9.68,9.69,9.53,103858279.0,999216332.96,0.73
2018-06-01,9.65,9.69,9.78,9.57,62819336.0,608398867.46,0.41
2018-06-04,9.73,9.76,9.8,9.65,62380407.0,608291978.44,0.31
2018-06-05,9.78,9.75,9.79,9.61,69060086.0,670740302.01,-0.31
2018-06-06,9.74,9.64,9.75,9.6,74971921.0,724032796.29,-1.03
2018-06-07,9.7,9.86,9.94,9.68,132814151.0,1306425478.09,1.65
2018-06-08,9.82,9.62,9.82,9.56,115641359.0,1114968856.53,-2.04
2018-06-11,9.56,9.54,9.63,9.51,75879857.0,724687998.61,-0.21
2018-06-12,9.54,9.56,9.58,9.46,96068106.0,914001701.46,0.21
2018-06-13,9.54,9.46,9.56,9.46,55811003.0,530483756.71,-0.84
2018-06-14,9.46,9.57,9.65,9.43,91133881.0,872487574.28,1.16
2018-06-15,9.58,9.67,9.78,9.56,131348851.0,1273412999.36,0.94
2018-06-19,9.55,9.38,9.65,9.34,164710911.0,1565756559.87,-1.78
2018-06-20,9.38,9.42,9.46,9.28,80325339.0,752950700.66,0.43
2018-06-21,9.44,9.37,9.54,9.37,88365207.0,836014838.14,-0.74
2018-06-22,9.32,9.36,9.38,9.29,69194491.0,645752909.26,0.43
2018-06-25,9.42,8.99,9.43,8.92,125721800.0,1154559080.5,-4.56
2018-06-26,8.93,8.9,8.97,8.64,118247610.0,1042528543.99,-0.34
2018-06-27,8.85,8.64,8.94,8.58,109936273.0,958871648.21,-2.37
2018-06-28,8.51,8.48,8.63,8.43,116838839.0,996801234.7,-0.35
2018-06-29,8.57,8.64,8.68,8.52,71033297.0,611346088.69,0.82
2018-07-02,8.6,8.19,8.6,8.13,138376686.0,1158545868.81,-4.77
2018-07-03,8.26,8.24,8.27,8.03,134097481.0,1096657033.32,-0.24
2018-07-04,8.2,8.19,8.32,8.19,74804668.0,617278559.96,-0.12
2018-07-05,8.19,8.18,8.3,8.13,87912689.0,722169579.0,-0.12
2018-07-06,8.19,8.23,8.35,8.03,103955295.0,852071526.98,0.49
2018-07-09,8.26,8.58,8.58,8.25,148310041.0,1255007609.99,3.87
2018-07-10,8.58,8.54,8.58,8.45,94338955.0,803038965.25,-0.47
2018-07-11,8.33,8.35,8.39,8.25,89546038.0,744765824.89,0.24
2018-07-12,8.3,8.57,8.66,8.28,118156520.0,1008658828.67,3.25
2018-07-13,8.61,8.57,8.63,8.51,62510785.0,535401175.45,-0.46
2018-07-16,8.54,8.43,8.59,8.39,71468919.0,603427713.21,-1.29
2018-07-17,8.44,8.42,8.45,8.36,38887415.0,326396994.95,-0.24
2018-07-18,8.45,8.4,8.54,8.39,54406525.0,460697377.12,-0.59
2018-07-19,8.45,8.43,8.5,8.39,47798793.0,403674308.23,-0.24
2018-07-20,8.43,8.79,8.88,8.31,181745471.0,1576843937.1,4.27
2018-07-23,8.73,9.09,9.12,8.69,184585272.0,1646028021.04,4.12
2018-07-24,9.06,9.07,9.26,9.01,147724531.0,1348746826.83,0.11
2018-07-25,9.11,9.05,9.14,9.01,63623940.0,575752176.95,-0.66
2018-07-26,9.07,8.93,9.15,8.89,86337012.0,778429753.79,-1.54
2018-07-27,8.98,8.93,9.03,8.86,53367742.0,477527419.46,-0.56
2018-07-30,9.0,9.06,9.16,8.94,73182526.0,661767547.55,0.67
2018-07-31,9.04,9.09,9.16,8.93,74608580.0,674484650.66,0.55
2018-08-01,9.09,8.83,9.17,8.79,84339944.0,759282229.65,-2.86
2018-08-02,8.81,8.63,8.83,8.57,96494411.0,839272254.36,-2.04
2018-08-03,8.62,8.6,8.78,8.6,49370863.0,428641526.2,-0.23
2018-08-06,8.63,8.63,8.79,8.58,57396181.0,497906686.27,0.0
2018-08-07,8.65,8.85,8.85,8.57,71528760.0,624359656.36,2.31
2018-08-08,8.84,8.74,8.84,8.73,59980317.0,527526989.83,-1.13
2018-08-09,8.73,8.97,9.02,8.71,83583871.0,746469808.09,2.75
2018-08-10,8.98,8.91,9.0,8.84,43944406.0,391366341.57,-0.78
2018-08-13,8.8,8.74,8.84,8.59,84796768.0,736947790.49,-0.68
2018-08-14,8.72,8.69,8.73,8.63,44573473.0,386334617.95,-0.34
2018-08-15,8.71,8.48,8.71,8.45,69458771.0,594759517.14,-2.64
2018-08-16,8.43,8.47,8.58,8.34,66125885.0,559523123.02,0.47
2018-08-17,8.57,8.5,8.63,8.47,67286635.0,576683267.11,-0.82
2018-08-20,8.59,8.69,8.71,8.56,70585871.0,609934725.59,1.16
2018-08-21,8.71,8.91,8.94,8.7,131001236.0,1163292795.24,2.3
2018-08-22,8.92,8.97,9.02,8.81,101781466.0,909598743.27,0.56
2018-08-23,8.98,9.03,9.09,8.91,75533100.0,680941392.24,0.56
2018-08-24,8.99,9.68,9.92,8.97,314990351.0,2995071976.81,7.68
2018-08-27,9.67,10.07,10.07,9.62,229831699.0,2251527721.35,4.14
2018-08-28,9.98,9.93,10.07,9.88,133622637.0,1331917860.95,-0.5
2018-08-29,9.89,9.91,9.97,9.8,93436329.0,923581546.46,0.2
2018-08-30,9.91,9.77,9.99,9.73,103074800.0,1013877514.26,-1.41
2018-08-31,9.78,9.78,9.96,9.75,135807382.0,1337898869.57,0.0
2018-09-03,9.74,9.84,9.94,9.74,73732618.0,725303291.73,1.03
2018-09-04,9.85,10.07,10.18,9.72,134302763.0,1339756563.51,2.23
2018-09-05,9.94,9.7,9.97,9.7,122192916.0,1202345697.97,-2.41
2018-09-06,9.7,9.62,9.79,9.6,73741100.0,713975749.02,-0.82
2018-09-07,9.69,9.66,9.83,9.58,83817137.0,815151722.99,-0.31
2018-09-10,9.66,9.54,9.72,9.5,65992937.0,631174169.93,-1.24
2018-09-11,9.56,9.57,9.68,9.47,73864382.0,707337570.14,0.1
2018-09-12,9.53,9.54,9.62,9.48,58517052.0,558399563.21,0.1
2018-09-13,9.74,9.61,9.75,9.5,103572902.0,993389970.35,-1.33
2018-09-14,9.63,9.5,9.63,9.47,64206944.0,611422480.21,-1.35
2018-09-17,9.46,9.35,9.46,9.34,53570417.0,502609643.63,-1.16
2018-09-18,9.39,9.73,9.77,9.36,116738747.0,1120867543.02,3.62
2018-09-19,9.68,9.88,9.98,9.68,127590090.0,1257191505.96,2.07
2018-09-20,9.91,9.87,10.0,9.84,64268915.0,636742814.23,-0.4
2018-09-21,9.9,10.3,10.33,9.83,168302267.0,1707850487.8,4.04
2018-09-25,10.15,10.18,10.31,10.12,101220022.0,1030715785.16,0.3
2018-09-26,10.24,10.34,10.54,10.15,154419173.0,1600626208.76,0.98
2018-09-27,10.28,10.37,10.46,10.2,91206811.0,942200398.62,0.88
2018-09-28,10.41,10.67,10.88,10.41,218623946.0,2331358288.96,2.5
2018-10-08,10.33,10.09,10.41,10.09,174708985.0,1793455283.09,-2.32
2018-10-09,10.1,10.19,10.33,10.03,110240544.0,1117946550.71,0.89
2018-10-10,10.17,10.09,10.29,10.02,103104051.0,1045666180.93,-0.79
2018-10-11,9.7,9.52,9.81,9.36,206699553.0,1994186611.8,-1.86
2018-10-12,9.62,9.94,9.98,9.53,157143562.0,1532651400.23,3.33
2018-10-15,10.03,9.76,10.11,9.74,145320062.0,1443043059.27,-2.69
2018-10-16,9.79,10.01,10.17,9.77,144722878.0,1450020371.45,2.25
2018-10-17,10.14,9.97,10.18,9.79,139953982.0,1400306336.22,-1.68
2018-10-18,9.93,9.74,9.93,9.71,103721098.0,1015654821.72,-1.91
2018-10-19,9.6,10.39,10.41,9.58,215870705.0,2173571254.62,8.23
2018-10-22,10.43,10.76,11.06,10.41,274081784.0,2932714470.7,3.16
2018-10-23,10.81,10.46,10.83,10.36,166025888.0,1759265958.65,-3.24
2018-10-24,10.52,10.66,10.94,10.42,189530825.0,2026171911.62,1.33
2018-10-25,10.42,10.9,10.9,10.34,174569417.0,1855823739.15,4.61
2018-10-26,10.9,10.79,10.92,10.58,134679149.0,1448843512.3,-1.01
2018-10-29,10.81,10.38,10.85,10.25,164894858.0,1725932497.61,-3.98
2018-10-30,10.41,10.52,10.69,10.36,155591363.0,1641371787.2,1.06
2018-10-31,10.57,10.53,10.61,10.38,119419573.0,1252156775.98,-0.38
2018-11-01,10.61,10.45,10.67,10.39,159833678.0,1679443449.71,-1.51
2018-11-02,10.66,10.7,10.77,10.45,229261751.0,2439179135.98,0.38
2018-11-05,10.57,10.54,10.66,10.44,133845062.0,1409457171.3,-0.28
2018-11-06,10.49,10.46,10.55,10.36,76222165.0,795322638.26,-0.29
2018-11-07,10.45,10.43,10.57,10.38,81388936.0,851487053.87,-0.19
2018-11-08,10.5,10.51,10.59,10.44,82256969.0,864744243.04,0.1
2018-11-09,10.34,10.18,10.36,10.04,168794452.0,1716198382.75,-1.55
2018-11-12,10.1,10.19,10.21,10.02,95347814.0,965756504.35,0.89
2018-11-13,10.05,10.17,10.28,10.02,111112179.0,1126736143.27,1.19
2018-11-14,10.16,10.08,10.18,10.06,80212278.0,810357748.16,-0.79
2018-11-15,10.08,10.25,10.27,10.06,93392660.0,949991801.2,1.69
2018-11-16,10.24,10.2,10.35,10.13,109775201.0,1123173219.43,-0.39
2018-11-19,10.2,10.47,10.5,10.2,140989712.0,1466899416.62,2.65
2018-11-20,10.38,10.2,10.42,10.15,107111087.0,1099654683.02,-1.73
2018-11-21,10.14,10.24,10.3,10.12,69014785.0,705638355.22,0.99
2018-11-22,10.3,10.18,10.3,10.12,51828414.0,527103281.19,-1.17
2018-11-23,10.16,9.96,10.21,9.95,72558035.0,730667665.37,-1.97
2018-11-26,9.98,9.98,10.1,9.94,53517247.0,535963342.86,0.0
2018-11-27,9.99,9.83,10.03,9.81,75986227.0,752824120.3,-1.6
2018-11-28,9.82,9.92,9.95,9.81,55711765.0,550820246.7,1.02
2018-11-29,9.99,9.85,10.03,9.84,50276073.0,499068827.02,-1.4
2018-11-30,9.86,10.0,10.0,9.82,61613298.0,610571532.61,1.42
2018-12-03,10.22,10.22,10.29,10.11,110241882.0,1126374829.79,0.0
2018-12-04,10.2,10.22,10.25,10.16,55407343.0,565743744.88,0.2
2018-12-05,10.13,10.09,10.14,10.04,60248863.0,608133290.28,-0.39
2018-12-06,10.0,9.89,10.01,9.87,59971337.0,594649682.99,-1.1
2018-12-07,9.94,9.92,10.03,9.91,35246845.0,351101370.35,-0.2
2018-12-10,9.86,9.82,9.91,9.78,51263893.0,504040653.97,-0.41
2018-12-11,9.86,9.87,9.9,9.82,30986082.0,305389210.46,0.1
2018-12-12,9.94,9.88,9.96,9.85,37957355.0,375402863.92,-0.6
2018-12-13,9.89,10.03,10.12,9.85,81932615.0,819920689.17,1.42
2018-12-14,9.98,9.82,9.99,9.81,54564244.0,539263012.14,-1.6
2018-12-17,9.81,9.93,9.97,9.75,59184836.0,584679512.21,1.22
2018-12-18,9.85,9.77,9.96,9.75,55711024.0,547157562.78,-0.81
2018-12-19,9.79,9.59,9.83,9.56,61954321.0,600090171.18,-2.04
2018-12-20,9.58,9.37,9.62,9.3,102594821.0,964202861.12,-2.19
2018-12-21,9.34,9.12,9.36,9.01,103665227.0,944460332.35,-2.36
2018-12-24,9.07,9.09,9.12,8.99,52745267.0,477186904.75,0.22
2018-12-25,8.97,9.02,9.1,8.89,60774141.0,545235607.85,0.56
2018-12-26,9.02,8.98,9.09,8.95,43630726.0,393215140.97,-0.44
2018-12-27,9.12,8.96,9.16,8.96,64708693.0,586343755.03,-1.75
2018-12-28,8.99,9.05,9.13,8.99,59736941.0,541571004.8,0.67
2019-01-02,9.06,8.87,9.09,8.84,55881140.0,498695109.66,-2.1
2019-01-03,8.86,8.96,9.01,8.83,43050284.0,384457707.88,1.13
2019-01-04,8.92,9.41,9.48,8.9,153450048.0,1422149888.16,5.49
2019-01-07,9.5,9.4,9.51,9.3,89686393.0,841166430.7,-1.05
2019-01-08,9.39,9.32,9.4,9.29,41687943.0,389247795.73,-0.75
2019-01-09,9.4,9.59,9.73,9.36,127790827.0,1229465116.69,2.02
2019-01-10,9.53,9.75,9.85,9.52,111041735.0,1079711035.8,2.31
2019-01-11,9.76,9.85,9.86,9.7,72144293.0,708001802.17,0.92
2019-01-14,9.86,9.76,9.89,9.72,51846621.0,507862882.18,-1.01
2019-01-15,9.76,9.88,9.92,9.74,56168554.0,553027309.58,1.23
2019-01-16,9.88,10.12,10.14,9.87,101290955.0,1017495116.11,2.43
2019-01-17,10.17,9.89,10.2,9.82,91460489.0,910212066.31,-2.75
2019-01-18,9.98,10.07,10.13,9.92,76539964.0,769973637.95,0.9
2019-01-21,9.98,9.98,10.11,9.96,68310133.0,684465646.24,0.0
2019-01-22,9.98,9.92,10.08,9.9,43969810.0,438991450.35,-0.6
2019-01-23,9.93,9.99,10.11,9.93,55724734.0,559384396.28,0.6
2019-01-24,10.04,10.15,10.18,10.01,70370258.0,711495718.15,1.1
2019-01-25,10.19,10.62,10.66,10.18,218429091.0,2299718224.86,4.22
2019-01-28,10.66,10.56,10.75,10.5,107321633.0,1141853833.83,-0.94
2019-01-29,10.58,10.62,10.69,10.4,85640081.0,904847854.07,0.38
2019-01-30,10.57,10.57,10.79,10.48,73764251.0,785204571.55,0.0
2019-01-31,10.6,10.71,10.81,10.56,86157223.0,922602874.59,1.04
2019-02-01,10.81,10.81,10.86,10.58,105079728.0,1127216186.16,0.0
2019-02-11,10.69,10.82,10.82,10.59,83081701.0,889951528.76,1.22
2019-02-12,10.81,10.8,10.92,10.65,99450739.0,1071873084.84,-0.09
2019-02-13,10.8,10.98,11.01,10.73,117832603.0,1280182096.94,1.67
2019-02-14,10.91,10.86,10.94,10.8,90048741.0,977818097.62,-0.46
2019-02-15,10.84,10.57,10.84,10.52,113974667.0,1213914428.9,-2.49
2019-02-18,10.67,10.97,10.97,10.66,130073770.0,1408279680.09,2.81
2019-02-19,10.97,10.88,11.22,10.85,131665069.0,1445281382.9,-0.82
2019-02-20,10.94,11.01,11.13,10.86,86261562.0,949430819.51,0.64
2019-02-21,10.98,10.97,11.15,10.89,78140938.0,860591070.9,-0.09
2019-02-22,10.96,11.14,11.17,10.76,122668925.0,1343020336.09,1.64
2019-02-25,11.29,12.11,12.2,11.17,292667024.0,3415946860.2,7.26
2019-02-26,12.11,11.78,12.13,11.73,209020337.0,2485673356.77,-2.73
2019-02-27,11.81,11.97,12.22,11.73,205028469.0,2454404411.85,1.35
2019-02-28,12.01,11.93,12.17,11.84,115318619.0,1383110810.74,-0.67
2019-03-01,12.05,12.32,12.34,11.78,177435838.0,2137669556.81,2.24
2019-03-04,12.26,12.54,12.91,12.18,254530895.0,3195011702.87,2.28
2019-03-05,12.46,12.61,12.83,12.39,145914414.0,1838251656.51,1.2
2019-03-06,12.61,12.63,12.69,12.39,129062413.0,1614670974.69,0.16
2019-03-07,12.61,12.3,12.61,12.11,184623507.0,2274151007.32,-2.46
2019-03-08,12.06,11.87,12.26,11.82,184219958.0,2214572416.75,-1.58
2019-03-11,11.87,11.89,12.06,11.63,119934159.0,1416000379.71,0.17
2019-03-12,12.06,11.93,12.2,11.81,146263831.0,1757797250.71,-1.08
2019-03-13,11.91,11.94,12.11,11.71,131514341.0,1568387543.68,0.25
2019-03-14,11.9,12.0,12.18,11.84,109555080.0,1316372926.2,0.84
2019-03-15,11.91,12.07,12.24,11.91,108305455.0,1311323009.34,1.34
2019-03-18,12.09,12.46,12.49,11.89,153998694.0,1882483633.89,3.06
2019-03-19,12.47,12.35,12.49,12.17,99166826.0,1221118294.2,-0.96
2019-03-20,12.24,12.31,12.43,12.18,96348861.0,1185477058.67,0.57
2019-03-21,12.33,12.25,12.36,12.14,89111730.0,1092506482.84,-0.65
2019-03-22,12.25,12.15,12.3,12.07,73919762.0,898629416.83,-0.82
2019-03-25,11.97,11.69,11.97,11.68,122237474.0,1445560160.24,-2.34
2019-03-26,11.8,11.68,11.86,11.59,96907986.0,1136721266.55,-1.02
2019-03-27,11.81,11.95,12.04,11.76,95606083.0,1138302657.13,1.19
2019-03-28,11.88,11.8,11.88,11.68,75884601.0,892530627.33,-0.67
2019-03-29,11.83,12.37,12.37,11.79,172963090.0,2108295393.93,4.56
2019-04-01,12.38,12.72,13.08,12.38,202167758.0,2588268668.87,2.75
2019-04-02,12.82,12.9,13.01,12.77,114001250.0,1466040987.09,0.62
2019-04-03,12.75,12.97,12.98,12.69,82147130.0,1056166231.53,1.73
2019-04-04,12.96,13.38,13.51,12.96,210762919.0,2796366353.31,3.24
2019-04-08,13.42,13.47,13.93,13.24,180595372.0,2464536241.47,0.37
2019-04-09,13.39,13.33,13.49,13.27,80947073.0,1080549202.28,-0.45
2019-04-10,13.27,13.25,13.4,12.93,98124451.0,1289475602.49,-0.15
2019-04-11,13.25,13.07,13.47,13.02,67895817.0,897382236.21,-1.36
2019-04-12,13.02,12.95,13.12,12.75,80221062.0,1035139673.95,-0.54
2019-04-15,13.24,13.21,13.6,13.19,158913114.0,2134708981.63,-0.23
2019-04-16,13.19,14.07,14.07,13.08,246506432.0,3379550307.18,6.67
2019-04-17,13.92,13.85,14.08,13.74,104027117.0,1443493493.41,-0.5
2019-04-18,13.8,13.84,13.87,13.62,52530567.0,721908800.59,0.29
2019-04-19,13.95,14.22,14.29,13.8,129090996.0,1814875936.7,1.94
2019-04-22,14.09,13.66,14.32,13.59,136989334.0,1899850004.34,-3.05
2019-04-23,13.61,13.58,13.71,13.48,97456459.0,1326465625.08,-0.22
2019-04-24,13.95,13.94,14.09,13.67,201993960.0,2811131027.08,-0.07
2019-04-25,13.88,13.64,14.13,13.64,115150430.0,1597895217.32,-1.73
2019-04-26,13.59,13.31,13.75,13.22,104577382.0,1407987365.79,-2.06
2019-04-29,13.42,13.61,13.83,13.38,106781450.0,1450714134.04,1.42
2019-04-30,13.5,13.37,13.56,13.12,115678164.0,1542958577.59,-0.96
2019-05-06,12.64,12.42,12.89,12.27,218460792.0,2742409411.07,-1.74
2019-05-07,12.58,12.5,12.63,12.28,111128837.0,1386247078.7,-0.64
2019-05-08,12.28,12.16,12.46,12.07,101058001.0,1236655982.73,-0.98
2019-05-09,12.08,11.74,12.14,11.63,161322977.0,1904905488.71,-2.81
2019-05-10,11.91,12.24,12.31,11.68,123534130.0,1489975624.98,2.77
2019-05-13,11.9,11.87,12.1,11.8,76863669.0,916213719.48,-0.25
2019-05-14,11.78,12.06,12.31,11.74,122518745.0,1477008362.92,2.38
2019-05-15,12.14,12.47,12.65,12.13,114374677.0,1417050112.59,2.72
2019-05-16,12.48,12.4,12.54,12.34,65776632.0,816740932.12,-0.64
2019-05-17,12.47,12.01,12.48,11.93,99975371.0,1208569909.79,-3.69
2019-05-20,11.92,11.95,12.1,11.82,81475730.0,971222474.19,0.25
2019-05-21,11.97,12.12,12.29,11.93,75754381.0,919191240.91,1.25
2019-05-22,12.13,11.97,12.13,11.89,52446176.0,628437470.06,-1.32
2019-05-23,11.81,11.86,11.99,11.72,69087109.0,817850530.32,0.42
2019-05-24,11.92,11.92,12.02,11.88,51337173.0,613106248.37,0.0
2019-05-27,11.79,11.94,11.99,11.52,108618325.0,1275632724.48,1.27
2019-05-28,11.88,12.06,12.11,11.83,91242014.0,1094063186.24,1.52
2019-05-29,11.93,11.97,12.15,11.83,69041117.0,827828661.23,0.34
2019-05-30,11.89,11.8,11.95,11.69,66955949.0,787801007.39,-0.76
2019-05-31,11.74,11.76,11.97,11.69,71152812.0,839375709.99,0.17
2019-06-03,11.8,11.49,11.9,11.41,156719705.0,1816591876.76,-2.63
2019-06-04,11.48,11.44,11.52,11.2,100975589.0,1147709578.08,-0.35
2019-06-05,11.55,11.55,11.72,11.51,77586239.0,899331716.05,0.0
2019-06-06,11.55,11.51,11.65,11.48,44928297.0,519425127.18,-0.35
2019-06-10,11.59,11.91,12.04,11.56,118589212.0,1404223620.41,2.76
2019-06-11,11.91,12.21,12.28,11.87,129614329.0,1574105212.18,2.52
2019-06-12,12.19,12.13,12.22,12.01,68098209.0,825178004.42,-0.49
2019-06-13,12.1,12.15,12.24,12.0,54908732.0,666277695.76,0.41
2019-06-14,12.15,12.06,12.25,12.02,50059306.0,606815214.15,-0.74
2019-06-17,12.05,12.23,12.35,12.05,64213749.0,786223580.98,1.49
2019-06-18,12.23,12.36,12.4,12.15,50096953.0,616237571.71,1.06
2019-06-19,12.83,12.62,12.92,12.56,118439774.0,1504997837.9,-1.64
2019-06-20,12.71,13.32,13.47,12.66,158426269.0,2083209238.73,4.8
2019-06-21,13.28,13.17,13.39,13.11,104754324.0,1384099587.01,-0.83
2019-06-24,13.21,13.21,13.35,13.14,68332624.0,904433349.29,0.0
2019-06-25,13.24,12.96,13.24,12.62,152213878.0,1954855785.93,-2.11
2019-06-26,12.94,13.04,13.17,12.87,56028403.0,731207282.9,0.77
2019-06-27,13.17,13.37,13.51,13.12,94839928.0,1270042461.29,1.52
2019-06-28,13.39,13.44,13.45,13.25,51065235.0,682679970.2,0.37
2019-07-01,13.67,13.59,13.83,13.53,98485695.0,1347792874.8,-0.59
2019-07-02,13.54,13.83,13.89,13.52,107928820.0,1481211353.19,2.14
2019-07-03,13.83,13.67,13.86,13.53,78846962.0,1076744400.79,-1.16
2019-07-04,13.67,13.65,13.93,13.54,63695745.0,873624287.32,-0.15
2019-07-05,13.61,13.58,13.64,13.35,76808591.0,1037357175.72,-0.22
2019-07-08,13.48,13.26,13.54,13.12,79804041.0,1061095712.61,-1.63
2019-07-09,13.29,13.26,13.37,13.11,50675902.0,670391720.57,-0.23
2019-07-10,13.28,13.23,13.36,13.16,36725277.0,487071876.75,-0.38
2019-07-11,13.34,13.21,13.44,13.2,49639107.0,660588299.89,-0.97
2019-07-12,13.27,13.77,13.88,13.25,150231348.0,2055749881.65,3.77
2019-07-15,13.68,13.66,13.77,13.5,86249441.0,1175798104.87,-0.15
2019-07-16,13.63,13.41,13.65,13.37,74100459.0,998151578.95,-1.61
2019-07-17,13.36,13.35,13.47,13.28,42035867.0,561944451.84,-0.07
2019-07-18,13.31,13.33,13.47,13.23,43348713.0,578067487.97,0.15
2019-07-19,13.4,13.65,13.73,13.34,88823540.0,1207316526.53,1.87
2019-07-22,13.62,13.51,13.68,13.42,59696468.0,807249426.05,-0.81
2019-07-23,13.52,13.42,13.53,13.31,51671192.0,692328447.63,-0.74
2019-07-24,13.53,13.54,13.67,13.45,58465486.0,793387782.2,0.07
2019-07-25,13.58,13.85,13.92,13.51,111525427.0,1534889645.77,1.99
2019-07-26,13.83,13.88,13.9,13.73,65132396.0,901074107.51,0.36
2019-07-29,13.9,13.94,14.09,13.83,73361834.0,1023261763.08,0.29
2019-07-30,13.96,14.02,14.19,13.94,81672023.0,1148582412.56,0.43
2019-07-31,13.95,13.78,13.97,13.73,65072705.0,899227865.95,-1.22
2019-08-01,13.71,13.75,13.84,13.6,54129351.0,742308285.2,0.29
2019-08-02,13.43,13.4,13.54,13.32,99438166.0,1333400773.79,-0.22
2019-08-05,13.27,13.02,13.3,12.94,91560012.0,1201885399.11,-1.88
2019-08-06,12.78,13.04,13.13,12.71,90474998.0,1166971469.04,2.03
2019-08-07,13.16,13.21,13.3,13.04,81303424.0,1070736943.88,0.38
2019-08-08,13.56,14.03,14.14,13.51,238948042.0,3313302100.18,3.47
2019-08-09,14.19,14.16,14.48,14.08,211252935.0,3021884306.17,-0.21
2019-08-12,14.25,14.75,14.75,14.24,280234458.0,4084497902.64,3.51
2019-08-13,14.63,14.52,14.71,14.38,132635601.0,1925835288.3,-0.75
2019-08-14,14.77,14.6,14.85,14.44,139485062.0,2038261151.54,-1.15
2019-08-15,14.28,14.57,14.59,14.24,92000222.0,1333117725.96,2.03
2019-08-16,14.72,14.53,14.77,14.42,101178616.0,1474900257.6,-1.29
2019-08-19,14.54,14.55,14.57,14.16,235076948.0,3368207935.07,0.07
2019-08-20,14.55,14.62,14.83,14.41,196947760.0,2872304200.91,0.48
2019-08-21,14.5,14.09,14.52,14.03,204031006.0,2902251100.57,-2.83
2019-08-22,14.05,13.96,14.09,13.85,138718719.0,1935208499.05,-0.64
2019-08-23,14.02,14.29,14.38,14.0,167813877.0,2388239081.28,1.93
2019-08-26,14.07,13.9,14.14,13.8,145080267.0,2018498039.72,-1.21
2019-08-27,14.01,13.96,14.12,13.89,139092080.0,1948127123.02,-0.36
2019-08-28,13.91,13.92,13.93,13.7,85057622.0,1176329095.67,0.07
2019-08-29,13.87,13.78,13.89,13.73,62439020.0,861177482.39,-0.65
2019-08-30,13.94,13.81,14.04,13.75,81863353.0,1136119659.76,-0.93
2019-09-02,13.8,14.09,14.14,13.76,139449668.0,1955673136.9,2.1
2019-09-03,14.12,13.95,14.15,13.9,88030328.0,1230606485.03,-1.2
2019-09-04,13.97,14.08,14.14,13.96,99852189.0,1404037295.8,0.79
2019-09-05,14.2,14.22,14.48,14.19,181263012.0,2599478258.91,0.14
2019-09-06,14.35,14.45,14.45,14.26,101130418.0,1451264912.65,0.7
2019-09-09,14.61,14.33,14.63,14.24,133261258.0,1918042303.91,-1.92
2019-09-10,14.24,14.19,14.28,14.06,81696250.0,1155180739.29,-0.35
2019-09-11,14.24,14.2,14.35,14.1,83925430.0,1192674258.6,-0.28
2019-09-12,14.3,14.32,14.42,14.17,117970045.0,1682911849.78,0.14
2019-09-16,14.34,14.09,14.36,14.05,95333999.0,1349401481.22,-1.74
2019-09-17,14.01,13.89,14.09,13.83,90491055.0,1261416554.29,-0.86
2019-09-18,13.89,14.06,14.12,13.89,84112237.0,1179079988.02,1.22
2019-09-19,14.12,14.48,14.52,14.12,193152351.0,2777383508.48,2.55
2019-09-20,14.58,14.96,15.02,14.56,271095671.0,4020646521.95,2.61
2019-09-23,14.96,15.0,15.09,14.81,143866359.0,2148740448.83,0.27
2019-09-24,15.09,14.81,15.16,14.81,115757184.0,1726238272.95,-1.86
2019-09-25,14.83,15.36,15.46,14.82,198777891.0,3024598930.57,3.57
2019-09-26,15.47,15.32,15.65,15.27,172911741.0,2673096951.23,-0.97
2019-09-27,15.46,15.51,15.61,15.31,103311403.0,1598567052.2,0.32
2019-09-30,15.36,15.21,15.5,15.19,107274560.0,1645828526.9,-0.98
2019-10-08,15.22,15.8,15.83,15.22,142163927.0,2225024598.59,3.81
2019-10-09,15.7,15.85,16.11,15.63,134989180.0,2145061763.15,0.96
2019-10-10,15.87,15.84,15.87,15.6,90192807.0,1418751875.78,-0.19
2019-10-11,15.8,16.4,16.53,15.8,144085839.0,2335030599.25,3.8
2019-10-14,16.55,16.8,17.17,16.5,159691088.0,2688929547.26,1.51
2019-10-15,16.83,16.76,16.92,16.41,90419257.0,1503633369.49,-0.42
2019-10-16,16.84,16.38,17.01,16.22,129963358.0,2146150627.26,-2.73
2019-10-17,16.48,16.29,16.58,16.14,115457717.0,1887045621.02,-1.15
2019-10-18,16.39,16.1,16.62,16.03,122697458.0,1999012671.73,-1.77
2019-10-21,16.03,16.47,16.55,16.03,96980298.0,1589276085.98,2.74
2019-10-22,16.49,16.02,16.51,15.64,193102177.0,3072547165.97,-2.85
2019-10-23,15.92,16.05,16.26,15.83,99192948.0,1590781971.78,0.82
2019-10-24,16.09,16.46,16.58,16.04,113718191.0,1861032918.48,2.3
2019-10-25,16.37,16.46,16.54,16.17,70886925.0,1161100080.0,0.55
2019-10-28,16.56,16.25,16.62,16.07,109711284.0,1780873358.26,-1.87
2019-10-29,16.28,16.49,16.51,16.15,80875474.0,1322036352.42,1.29
2019-10-30,16.39,16.03,16.54,16.02,87585746.0,1420644944.87,-2.2
2019-10-31,16.02,15.86,16.06,15.84,88431765.0,1407006434.79,-1.0
2019-11-01,15.95,16.45,16.58,15.88,128628964.0,2096068960.59,3.13
2019-11-04,16.56,16.5,16.83,16.36,91225980.0,1507910818.55,-0.36
2019-11-05,16.39,16.73,17.01,16.38,120204831.0,2010924199.94,2.07
2019-11-06,16.64,16.54,16.84,16.46,88509278.0,1470233502.73,-0.6
2019-11-07,16.51,16.47,16.65,16.34,72984637.0,1200671649.42,-0.24
2019-11-08,16.56,16.24,16.6,16.23,87054898.0,1421088326.15,-1.93
2019-11-11,16.09,15.88,16.12,15.8,97755706.0,1556517253.18,-1.31
2019-11-12,15.89,15.93,15.97,15.76,52928326.0,840769286.54,0.25
2019-11-13,15.89,15.93,16.06,15.67,67163851.0,1067975601.16,0.25
2019-11-14,16.03,15.92,16.07,15.85,48072213.0,767006342.15,-0.69
2019-11-15,15.99,15.94,16.14,15.84,58358019.0,933539572.45,-0.31
2019-11-18,15.95,16.05,16.14,15.83,57198546.0,915983935.55,0.63
2019-11-19,16.05,16.01,16.07,15.91,57629340.0,920998203.34,-0.25
2019-11-20,15.9,15.46,15.9,15.38,176786120.0,2747598383.4,-2.77
2019-11-21,15.36,15.47,15.48,15.25,79204223.0,1218516399.48,0.72
2019-11-22,15.5,15.21,15.53,15.17,79297548.0,1216064537.83,-1.87
2019-11-25,15.26,15.41,15.45,15.16,80300658.0,1233388886.16,0.98
2019-11-26,15.5,15.24,15.5,15.11,83585400.0,1271594662.99,-1.68
2019-11-27,15.26,15.09,15.26,15.01,48817587.0,736584294.07,-1.11
2019-11-28,15.09,15.11,15.16,15.06,38754761.0,585252046.59,0.13
2019-11-29,15.16,14.91,15.17,14.81,67035316.0,1001451096.26,-1.65
2019-12-02,14.97,14.98,15.05,14.86,56784254.0,849784129.41,0.07
2019-12-03,14.92,15.07,15.08,14.84,46690071.0,700293548.85,1.01
2019-12-04,14.96,14.93,15.03,14.84,53777087.0,802110334.25,-0.2
2019-12-05,14.97,15.05,15.1,14.92,57113049.0,857682575.81,0.53
2019-12-06,15.09,15.22,15.33,15.08,73058273.0,1109423061.49,0.86
2019-12-09,15.24,15.03,15.24,14.97,62127207.0,935135952.74,-1.38
2019-12-10,14.98,14.95,15.0,14.87,57041224.0,851377532.72,-0.2
2019-12-11,15.0,15.27,15.29,14.92,89347885.0,1351786530.59,1.8
2019-12-12,15.27,15.22,15.28,15.15,49107604.0,747519511.1,-0.33
2019-12-13,15.46,15.72,15.72,15.38,107965620.0,1680707282.06,1.68
2019-12-16,15.72,15.73,15.74,15.48,80781934.0,1262802471.74,0.06
2019-12-17,15.61,16.09,16.22,15.59,123343933.0,1969891323.59,3.07
2019-12-18,16.03,16.06,16.25,16.01,81718876.0,1317608543.24,0.19
2019-12-19,16.14,16.14,16.33,16.04,69256938.0,1119925969.11,0.0
2019-12-20,16.14,16.18,16.27,16.04,66072791.0,1067869779.78,0.25
2019-12-23,16.27,15.84,16.27,15.77,73384033.0,1173372080.84,-2.64
2019-12-24,15.83,16.0,16.09,15.83,47070463.0,752351618.19,1.07
2019-12-25,16.05,15.9,16.15,15.84,42537950.0,679664596.67,-0.93
2019-12-26,15.94,16.06,16.07,15.92,38141412.0,610381757.75,0.75
2019-12-27,16.12,16.22,16.51,16.03,106886163.0,1741473179.3,0.62
2019-12-30,16.06,16.16,16.22,15.7,100160311.0,1603152786.59,0.62
2019-12-31,16.16,16.05,16.22,15.91,72220367.0,1154704348.92,-0.68
2020-01-02,16.24,16.46,16.53,16.14,156881431.0,2571196482.14,1.35
2020-01-03,16.52,16.76,16.88,16.5,114433794.0,1914495474.63,1.45
2020-01-06,16.59,16.65,16.91,16.49,88381961.0,1477930193.19,0.36
2020-01-07,16.71,16.73,16.86,16.53,74697828.0,1247047135.26,0.12
2020-01-08,16.58,16.25,16.63,16.22,86920070.0,1423608811.18,-1.99
2020-01-09,16.4,16.38,16.51,16.12,105764778.0,1725326806.25,-0.12
2020-01-10,16.38,16.28,16.4,16.11,60031215.0,975154818.78,-0.61
2020-01-13,16.34,16.57,16.61,16.2,89412286.0,1468271683.72,1.41
2020-01-14,16.57,16.35,16.85,16.35,133738446.0,2217608852.69,-1.33
2020-01-15,16.38,16.11,16.45,16.05,88110855.0,1424889228.07,-1.65
2020-01-16,16.11,15.93,16.16,15.8,105402674.0,1678888507.83,-1.12
2020-01-17,15.98,15.99,16.14,15.95,62070184.0,995909007.35,0.06
2020-01-20,16.03,16.05,16.2,15.95,76488587.0,1226464649.55,0.12
2020-01-21,15.94,15.61,15.94,15.54,91920956.0,1442171431.55,-2.07
2020-01-22,15.53,15.69,15.76,15.32,73760511.0,1150933398.98,1.03
2020-01-23,15.53,15.16,15.53,15.01,112834180.0,1723394336.66,-2.38
2020-02-03,13.65,13.65,14.34,13.65,231615694.0,3201454164.92,0.0
2020-02-04,13.7,14.24,14.3,13.68,174919057.0,2442932842.71,3.94
2020-02-05,14.23,14.27,14.52,13.97,152898306.0,2177632043.62,0.28
2020-02-06,14.45,14.41,14.5,14.15,121571423.0,1740107625.42,-0.28
2020-02-07,14.24,14.26,14.33,14.06,94817170.0,1345053255.67,0.14
2020-02-10,14.15,14.14,14.17,13.95,137326855.0,1931983482.1,-0.07
2020-02-11,14.24,14.43,14.57,14.2,144299557.0,2077194138.92,1.33
2020-02-12,14.43,14.41,14.46,14.24,109749430.0,1573229042.55,-0.14
2020-02-13,14.35,14.29,14.51,14.25,103875169.0,1491327713.78,-0.42
2020-02-14,14.39,14.66,14.77,14.34,155056844.0,2253906452.48,1.88
2020-02-17,14.67,14.99,14.99,14.56,158261792.0,2337993586.12,2.18
2020-02-18,14.95,14.83,14.95,14.64,99816048.0,1478274222.58,-0.8
2020-02-19,14.73,14.87,14.99,14.71,89614619.0,1333730218.97,0.95
2020-02-20,14.89,15.21,15.24,14.73,126659416.0,1897923029.04,2.15
2020-02-21,15.11,15.2,15.33,15.07,102016020.0,1546692930.16,0.6
2020-02-24,15.08,14.86,15.08,14.78,122184376.0,1820183854.52,-1.46
2020-02-25,14.63,14.67,14.76,14.42,117343371.0,1710369786.03,0.27
2020-02-26,14.41,14.62,14.89,14.34,120626528.0,1769612245.37,1.46
2020-02-27,14.59,14.74,14.78,14.52,99986085.0,1464605739.46,1.03
2020-02-28,14.48,14.14,14.67,14.1,133343819.0,1906892413.31,-2.35
2020-03-02,14.19,14.43,14.58,14.1,114473352.0,1647432269.71,1.69
2020-03-03,14.59,14.36,14.62,14.27,118267017.0,1705816271.89,-1.58
2020-03-04,14.32,14.33,14.42,14.15,88434424.0,1261123063.83,0.07
2020-03-05,14.44,15.01,15.26,14.37,275434087.0,4089493523.03,3.95
2020-03-06,14.81,14.66,14.89,14.65,125950654.0,1858691259.32,-1.01
2020-03-09,14.35,14.09,14.37,14.07,170779395.0,2420392130.73,-1.81
2020-03-10,14.03,14.4,14.48,14.03,119731088.0,1709084565.32,2.64
2020-03-11,14.41,14.33,14.51,14.26,83491502.0,1201250682.16,-0.56
2020-03-12,14.29,14.32,14.48,14.17,101137011.0,1447436641.92,0.21
2020-03-13,13.56,14.16,14.22,13.56,119925964.0,1669009835.48,4.42
2020-03-16,14.09,13.41,14.1,13.41,144165740.0,1975824191.21,-4.83
2020-03-17,13.41,13.08,13.63,12.81,120754671.0,1582506075.02,-2.46
2020-03-18,13.08,12.4,13.22,12.34,141969957.0,1816836893.63,-5.2
2020-03-19,12.37,11.93,12.43,11.62,193914730.0,2313863663.48,-3.56
2020-03-20,12.1,12.21,12.37,11.96,161814869.0,1967487818.45,0.91
2020-03-23,11.7,11.85,12.05,11.64,109812012.0,1300469494.43,1.28
2020-03-24,12.1,12.3,12.37,11.97,120995719.0,1472909399.72,1.65
2020-03-25,12.56,12.55,12.75,12.39,116562438.0,1467534956.16,-0.08
2020-03-26,12.47,12.74,13.01,12.41,110230175.0,1408651057.34,2.17
2020-03-27,12.92,12.83,13.05,12.76,66948374.0,861618663.05,-0.7
2020-03-30,12.53,12.62,12.72,12.45,67842351.0,852956240.25,0.72
2020-03-31,12.73,12.49,12.77,12.47,52631414.0,662915471.38,-1.89
2020-04-01,12.54,12.57,12.81,12.5,53396812.0,676070117.75,0.24
2020-04-02,12.44,12.65,12.65,12.35,53143481.0,663197628.35,1.69
2020-04-03,12.5,12.3,12.57,12.24,84615802.0,1047282400.16,-1.6
2020-04-07,12.57,12.56,12.62,12.49,89225733.0,1121200115.41,-0.08
2020-04-08,12.56,12.47,12.6,12.41,54204690.0,676604872.29,-0.72
2020-04-09,12.56,12.43,12.57,12.41,41885482.0,522027888.31,-1.04
2020-04-10,12.45,12.48,12.66,12.34,68348413.0,853689950.23,0.24
2020-04-13,12.36,12.28,12.4,12.16,45746501.0,562008050.35,-0.65
2020-04-14,12.34,12.54,12.54,12.26,70338549.0,874856562.28,1.62
2020-04-15,12.54,12.55,12.61,12.47,67294642.0,843649273.39,0.08
2020-04-16,12.48,12.37,12.48,12.23,80905231.0,997623816.45,-0.88
2020-04-17,12.46,12.57,12.72,12.34,136472804.0,1713215766.82,0.88
2020-04-20,12.54,12.67,12.73,12.46,83909193.0,1058524019.15,1.04
2020-04-21,12.97,13.12,13.36,12.97,217596260.0,2861879086.09,1.16
2020-04-22,13.04,12.9,13.09,12.84,105884327.0,1368222854.71,-1.07
2020-04-23,12.9,12.9,12.98,12.79,66330248.0,855052110.23,0.0
2020-04-24,12.85,12.91,12.95,12.79,58027247.0,747473770.46,0.47
2020-04-27,12.97,13.17,13.3,12.92,96045062.0,1263809737.41,1.54
2020-04-28,13.12,13.19,13.23,12.94,79101797.0,1038718080.27,0.53
2020-04-29,13.15,13.68,13.75,13.12,113667711.0,1541638203.48,4.03
2020-04-30,13.68,13.59,13.97,13.54,84020388.0,1155968238.13,-0.66
2020-05-06,13.42,13.43,13.55,13.28,103443835.0,1382727481.73,0.07
2020-05-07,13.42,13.35,13.42,13.27,67945943.0,904349531.99,-0.52
2020-05-08,13.42,13.61,13.68,13.34,95835078.0,1297924588.29,1.42
2020-05-11,13.58,13.66,13.78,13.56,62831467.0,859156594.22,0.59
2020-05-12,13.61,13.45,13.7,13.38,57259314.0,772109502.04,-1.18
2020-05-13,13.41,13.29,13.44,13.2,65650445.0,871062043.61,-0.89
2020-05-14,13.22,12.97,13.26,12.89,96849054.0,1259440848.24,-1.89
2020-05-15,13.06,12.9,13.1,12.82,77587588.0,1004313267.93,-1.23
2020-05-18,12.88,12.88,13.01,12.8,65327480.0,843479669.71,0.0
2020-05-19,13.08,13.03,13.12,12.94,61550601.0,801755671.01,-0.38
2020-05-20,13.05,13.18,13.29,12.94,70826981.0,929928885.93,1.0
2020-05-21,13.19,13.07,13.24,13.03,56623770.0,742797057.29,-0.91
2020-05-22,13.0,12.6,13.01,12.6,87782603.0,1119433491.01,-3.08
2020-05-25,12.65,12.64,12.66,12.45,42051260.0,528769352.5,-0.08
2020-05-26,12.7,12.72,12.75,12.62,40620228.0,515451849.4,0.16
2020-05-27,12.73,12.68,12.87,12.64,49514011.0,630305864.09,-0.39
2020-05-28,12.77,12.97,13.08,12.71,96831544.0,1255226999.49,1.57
2020-05-29,12.91,12.9,12.94,12.82,46140828.0,594502123.85,-0.08
2020-06-01,13.0,13.22,13.29,12.98,88990388.0,1173619006.66,1.69
2020-06-02,13.19,13.44,13.52,13.18,89040613.0,1194375822.06,1.9
2020-06-03,13.53,13.43,13.77,13.39,96432709.0,1308782294.7,-0.74
2020-06-04,13.42,13.46,13.53,13.31,58765139.0,788707630.29,0.3
2020-06-05,13.49,13.48,13.51,13.33,38603891.0,517232135.8,-0.07
2020-06-08,13.57,13.51,13.74,13.47,59057980.0,802115792.06,-0.44
2020-06-09,13.53,13.56,13.62,13.42,47802982.0,646895834.84,0.22
2020-06-10,13.6,13.38,13.6,13.3,58504089.0,781995749.36,-1.62
2020-06-11,13.28,12.98,13.29,12.9,135964826.0,1774199978.68,-2.26
2020-06-12,12.8,12.89,12.92,12.77,103865451.0,1331618728.51,0.7
2020-06-15,12.75,12.72,12.87,12.7,66550557.0,850767506.43,-0.24
2020-06-16,12.8,12.79,12.89,12.76,72370570.0,927043687.82,-0.08
2020-06-17,12.79,12.75,12.82,12.66,72210233.0,918251153.19,-0.31
2020-06-18,12.66,12.66,12.7,12.49,112845237.0,1419972017.43,0.0
2020-06-19,12.63,12.7,12.74,12.51,155162811.0,1954584919.95,0.55
2020-06-22,12.64,12.54,12.66,12.52,132945263.0,1671023278.99,-0.79
2020-06-23,12.55,12.5,12.59,12.42,99859813.0,1248046646.72,-0.4
2020-06-24,12.54,12.7,12.78,12.5,153519862.0,1946329095.31,1.28
2020-06-29,12.82,12.7,12.87,12.61,104664635.0,1330678288.83,-0.94
2020-06-30,12.73,12.7,12.78,12.62,94531590.0,1199181601.42,-0.24
2020-07-01,12.69,13.02,13.05,12.64,171073777.0,2202800843.97,2.6
2020-07-02,12.98,13.33,13.38,12.87,261087210.0,3433511084.46,2.7
2020-07-03,13.46,14.14,14.21,13.45,379796666.0,5280918011.4,5.05
2020-07-06,14.49,15.56,15.56,14.48,474851027.0,7168653356.25,7.38
2020-07-07,16.17,15.36,16.5,14.91,399560252.0,6267919683.04,-5.01
2020-07-08,15.11,15.64,15.88,15.11,265203121.0,4095447757.17,3.51
2020-07-09,15.54,15.41,15.54,15.19,226164049.0,3469517329.73,-0.84
2020-07-10,15.23,14.74,15.36,14.64,217574919.0,3254272377.89,-3.22
2020-07-13,14.59,14.77,14.96,14.39,195239336.0,2871414844.76,1.23
2020-07-14,14.78,14.57,15.07,14.44,196892852.0,2891773817.07,-1.42
2020-07-15,14.66,14.16,14.74,14.12,205862492.0,2947173149.72,-3.41
2020-07-16,14.19,14.04,14.44,14.01,194607523.0,2771496391.19,-1.06
2020-07-17,14.06,14.03,14.17,13.84,130150153.0,1821043927.51,-0.21
2020-07-20,14.12,14.62,14.65,13.99,199519922.0,2872758056.19,3.54
2020-07-21,14.57,14.38,14.57,14.29,126271784.0,1815570300.6,-1.3
2020-07-22,14.38,14.3,14.54,14.16,132327624.0,1895447229.41,-0.56
2020-07-23,14.13,13.9,14.18,13.7,204346971.0,2838535210.75,-1.63
2020-07-24,13.86,13.39,13.88,13.32,184527933.0,2504647111.34,-3.39
2020-07-27,13.56,13.14,13.57,13.0,189544223.0,2497551472.28,-3.1
2020-07-28,13.24,13.24,13.33,13.08,122657615.0,1618089558.6,0.0
2020-07-29,13.25,13.43,13.52,13.11,153152977.0,2043847472.94,1.36
2020-07-30,13.39,13.27,13.4,13.27,97164876.0,1294444933.22,-0.9
2020-07-31,13.18,13.24,13.42,13.15,117498958.0,1559068291.63,0.46
2020-08-03,13.36,13.48,13.51,13.33,145645996.0,1954607257.49,0.9
2020-08-04,13.55,13.93,14.04,13.37,246489520.0,3388510059.27,2.8
2020-08-05,13.71,13.65,13.74,13.51,145152845.0,1980352978.34,-0.44
2020-08-06,13.71,13.79,13.85,13.54,136314641.0,1868047342.49,0.58
2020-08-07,13.69,13.59,13.79,13.51,99645304.0,1356305781.15,-0.73
2020-08-10,13.56,13.84,13.91,13.51,160019562.0,2208568316.49,2.06
2020-08-11,13.86,14.02,14.55,13.86,262377951.0,3748036828.23,1.15
2020-08-12,14.1,14.27,14.39,14.04,160936854.0,2287731088.15,1.21
2020-08-13,14.29,14.07,14.35,14.03,84384572.0,1190139725.41,-1.54
2020-08-14,13.99,14.36,14.4,13.95,111189117.0,1578543607.1,2.64
2020-08-17,14.49,15.07,15.23,14.44,329372657.0,4923669137.3,4.0
2020-08-18,15.08,15.03,15.18,14.79,136087911.0,2033477707.99,-0.33
2020-08-19,14.99,14.98,15.23,14.84,143210186.0,2154215097.06,-0.07
2020-08-20,14.89,14.48,15.02,14.42,134429023.0,1962605013.7,-2.75
2020-08-21,14.6,14.34,14.6,14.21,124422520.0,1787278581.34,-1.78
2020-08-24,14.39,14.35,14.6,14.3,92667913.0,1338031969.4,-0.28
2020-08-25,14.45,14.49,14.58,14.35,75420478.0,1090756854.22,0.28
2020-08-26,14.49,14.26,14.5,14.17,73989060.0,1057274169.74,-1.59
2020-08-27,14.29,14.35,14.35,14.0,63159469.0,895618648.57,0.42
2020-08-28,14.15,15.01,15.06,14.15,242935467.0,3599035694.78,6.08
2020-08-31,15.18,14.96,15.56,14.87,181126162.0,2760350322.28,-1.45
2020-09-01,14.84,15.02,15.11,14.76,82004082.0,1228342741.95,1.21
2020-09-02,14.89,15.2,15.41,14.89,169258913.0,2575966637.51,2.08
2020-09-03,15.2,14.78,15.21,14.72,128990587.0,1919266726.01,-2.76
2020-09-04,14.62,14.84,14.94,14.49,91704509.0,1353550808.28,1.5
2020-09-07,14.76,14.82,15.12,14.71,103948724.0,1551971380.96,0.41
2020-09-08,14.88,15.31,15.31,14.88,141867061.0,2154220778.29,2.89
2020-09-09,15.14,15.09,15.44,15.01,102154289.0,1554005575.35,-0.33
2020-09-10,15.2,15.22,15.36,15.08,96461867.0,1469402768.28,0.13
2020-09-11,15.06,14.89,15.18,14.7,96174007.0,1431844020.44,-1.13
2020-09-14,14.89,15.18,15.18,14.8,68560034.0,1027508108.55,1.95
2020-09-15,15.08,15.23,15.36,15.03,66230016.0,1007999044.11,0.99
2020-09-16,15.2,15.32,15.42,15.09,72809560.0,1114667832.11,0.79
2020-09-17,15.42,15.45,15.6,15.28,99598666.0,1543414501.54,0.19
2020-09-18,15.5,15.94,15.96,15.4,138399167.0,2186759087.81,2.84
2020-09-21,15.88,15.74,15.92,15.59,90320879.0,1418370973.91,-0.88
2020-09-22,15.55,15.45,15.72,15.27,87458008.0,1354536272.84,-0.64
2020-09-23,15.47,15.51,15.71,15.39,60391240.0,939763265.95,0.26
2020-09-24,15.47,15.0,15.49,15.0,106935471.0,1623376200.81,-3.04
2020-09-25,15.08,15.07,15.19,14.99,61891599.0,933035044.47,-0.07
2020-09-28,15.07,15.19,15.25,14.86,61752928.0,932800766.03,0.8
2020-09-29,15.27,14.68,15.29,14.64,119167223.0,1766848544.72,-3.86
2020-09-30,14.68,15.05,15.15,14.68,122663545.0,1838547595.46,2.52
2020-10-09,15.18,15.06,15.43,15.01,90750660.0,1376995906.6,-0.79
2020-10-12,15.1,15.78,15.92,15.09,160386102.0,2509002885.31,4.5
2020-10-13,15.78,15.93,15.98,15.65,91596616.0,1453986337.96,0.95
2020-10-14,15.91,15.9,15.99,15.68,66777255.0,1057937816.08,-0.06
2020-10-15,16.07,16.43,16.79,16.02,161264472.0,2654379585.66,2.24
2020-10-16,16.43,16.97,17.23,16.41,211209346.0,3589229558.57,3.29
2020-10-19,17.17,17.34,17.96,17.17,203195956.0,3571336006.25,0.99
2020-10-20,17.34,17.4,17.46,17.12,96762166.0,1673173355.65,0.35
2020-10-21,17.5,17.77,17.86,17.19,125434702.0,2204040364.8,1.54
2020-10-22,17.8,17.42,18.36,17.17,190538552.0,3342069010.79,-2.13
2020-10-23,17.39,17.99,18.63,17.39,171185818.0,3105623948.39,3.45
2020-10-26,18.06,17.56,18.15,17.31,118484320.0,2085800598.85,-2.77
2020-10-27,17.86,17.62,17.86,17.36,104300290.0,1839243224.79,-1.34
2020-10-28,17.62,17.49,17.76,17.16,121530609.0,2125604541.75,-0.74
2020-10-29,17.4,17.63,17.79,17.21,85326105.0,1498040947.7,1.32
2020-10-30,17.6,17.61,18.22,17.46,101572889.0,1813064343.12,0.06
2020-11-02,17.51,17.49,17.91,17.19,97606839.0,1702741437.95,-0.11
2020-11-03,17.57,17.82,18.2,17.56,96540102.0,1727488481.5,1.42
2020-11-04,18.21,18.18,18.34,17.82,125744743.0,2275824963.43,-0.16
2020-11-05,18.23,17.56,18.36,17.4,144071035.0,2558562453.18,-3.68
2020-11-06,17.57,17.5,17.61,17.09,85545609.0,1486492208.37,-0.4
2020-11-09,17.53,17.7,17.86,17.4,95890603.0,1688807401.7,0.97
2020-11-10,17.86,17.97,18.36,17.79,102909214.0,1854142808.85,0.62
2020-11-11,18.06,17.67,18.16,17.46,94752297.0,1677811478.74,-2.16
2020-11-12,17.67,17.52,17.8,17.31,68258423.0,1197284181.11,-0.85
2020-11-13,17.28,17.05,17.33,16.56,129932702.0,2191492021.21,-1.33
2020-11-16,16.95,17.23,17.29,16.77,76583221.0,1308190459.6,1.65
2020-11-17,17.24,17.69,17.79,17.12,85963770.0,1509511577.97,2.61
2020-11-18,17.64,18.32,18.36,17.61,138420072.0,2508632642.49,3.85
2020-11-19,18.44,18.7,18.83,18.16,122126938.0,2270476474.58,1.41
2020-11-20,18.68,18.71,18.84,18.38,67921872.0,1265262915.59,0.16
2020-11-23,18.7,19.47,19.47,18.65,117502621.0,2252290578.43,4.12
2020-11-24,19.47,19.21,19.53,19.02,68387909.0,1313496136.53,-1.34
2020-11-25,19.33,18.91,19.55,18.9,55693037.0,1068352014.21,-2.17
2020-11-26,18.9,19.35,19.46,18.88,64468796.0,1240074378.13,2.38
2020-11-27,19.84,19.55,19.84,19.23,75970119.0,1479430635.59,-1.46
2020-11-30,19.74,19.59,20.72,19.44,159387725.0,3213680470.07,-0.76
2020-12-01,19.55,19.89,20.35,19.25,127365726.0,2516010782.49,1.74
2020-12-02,19.77,19.48,19.9,19.37,89637914.0,1758639187.84,-1.47
2020-12-03,19.63,19.39,19.71,19.02,72007053.0,1393085020.58,-1.22
2020-12-04,19.32,19.15,19.32,18.82,89835713.0,1707639065.1,-0.88
2020-12-07,19.16,18.76,19.24,18.53,88067796.0,1655173465.4,-2.09
2020-12-08,18.77,18.56,18.88,18.39,72530660.0,1345951734.38,-1.12
2020-12-09,18.64,18.56,18.9,18.53,68254661.0,1277484440.94,-0.43
2020-12-10,18.58,18.5,18.73,18.31,61264663.0,1130916254.15,-0.43
2020-12-11,18.56,18.38,18.65,18.08,89477521.0,1642392314.27,-0.97
2020-12-14,18.45,18.73,18.91,18.36,84256572.0,1575396008.32,1.52
2020-12-15,18.65,18.59,18.7,18.01,79506128.0,1458268620.75,-0.32
2020-12-16,18.65,18.86,18.95,18.44,69448906.0,1302133815.28,1.13
2020-12-17,18.76,18.8,18.92,18.45,69153629.0,1294658299.27,0.21
2020-12-18,18.85,18.22,18.95,18.09,106708210.0,1959764074.98,-3.34
2020-12-21,18.16,18.14,18.49,17.89,91400952.0,1662649810.05,-0.11
2020-12-22,18.22,17.76,18.5,17.74,103682719.0,1873638734.06,-2.52
2020-12-23,17.82,17.86,17.93,17.65,75598115.0,1345650736.09,0.22
2020-12-24,18.01,18.12,18.35,17.91,63792745.0,1155767283.67,0.61
2020-12-25,18.12,17.9,18.12,17.66,58161529.0,1038128197.39,-1.21
2020-12-28,17.88,18.7,18.71,17.82,128032660.0,2352947321.97,4.59
2020-12-29,18.72,19.02,19.15,18.55,97066569.0,1837947238.25,1.6
2020-12-30,18.85,19.05,19.05,18.57,98619239.0,1854082812.28,1.06
2020-12-31,19.06,19.19,19.43,18.87,93177344.0,1781736285.58,0.68
2021-01-04,18.95,18.45,18.95,18.3,156643831.0,2891682312.05,-2.64
2021-01-05,18.26,18.03,18.34,17.66,183567466.0,3284606913.91,-1.26
2021-01-06,17.94,19.41,19.41,17.86,195016094.0,3648521909.1,8.19
2021-01-07,19.37,19.74,19.82,19.08,159664285.0,3111274625.37,1.91
2021-01-08,19.74,19.7,19.94,19.16,120487406.0,2348316363.18,-0.2
2021-01-11,19.84,20.22,20.48,19.84,180453675.0,3652546646.82,1.92
2021-01-12,20.23,20.84,20.84,20.02,129829524.0,2657687440.67,3.02
2021-01-13,20.84,20.54,20.85,20.24,105736969.0,2161849708.04,-1.44
2021-01-14,20.52,20.01,20.73,19.79,113904282.0,2306404546.81,-2.49
2021-01-15,20.84,20.84,21.78,20.66,250019636.0,5311218074.76,0.0
2021-01-18,21.03,22.52,22.6,21.03,217426614.0,4792909447.95,7.09
2021-01-19,22.33,22.17,22.66,21.88,125185574.0,2790056611.29,-0.72
2021-01-20,21.98,22.29,22.79,21.95,129086493.0,2889249850.45,1.41
2021-01-21,22.32,22.06,22.62,21.98,95220805.0,2114252731.64,-1.16
2021-01-22,22.06,21.86,22.06,21.34,93170389.0,2025834761.54,-0.91
2021-01-25,21.55,22.31,22.42,21.26,103645202.0,2269032820.67,3.53
2021-01-26,22.13,22.2,23.14,22.13,113558074.0,2558575511.97,0.32
2021-01-27,22.14,22.9,23.29,22.14,130432954.0,2976800955.73,3.43
2021-01-28,22.6,22.63,23.0,22.27,86421990.0,1948881146.95,0.13
2021-01-29,22.63,22.91,23.36,22.53,125001142.0,2864101419.33,1.24
2021-02-01,22.82,24.36,24.8,22.52,148684013.0,3529556986.77,6.75
2021-02-02,23.2,23.1,23.91,22.73,243516878.0,5679179941.74,-0.43
2021-02-03,23.3,24.76,24.98,23.2,193839561.0,4690176486.28,6.27
2021-02-04,23.99,24.41,25.04,23.85,126511838.0,3084553750.95,1.75
2021-02-05,24.41,24.74,25.11,24.08,102356177.0,2517804159.63,1.35
2021-02-08,24.71,24.61,24.71,23.91,109279100.0,2650948251.38,-0.4
2021-02-09,24.6,24.39,24.65,23.98,94950189.0,2302978158.4,-0.85
2021-02-10,24.41,23.63,24.77,23.2,193395649.0,4569741959.9,-3.2
2021-02-18,23.81,24.11,24.36,23.3,151706749.0,3619387651.71,1.26
2021-02-19,23.77,23.66,24.0,23.39,92983805.0,2197558286.91,-0.46
2021-02-22,23.61,22.21,23.61,22.09,197223049.0,4445818547.6,-5.93
2021-02-23,22.21,21.76,22.5,21.65,188516886.0,4160776611.31,-2.03
2021-02-24,22.1,21.99,22.11,21.39,143973314.0,3144209051.81,-0.5
2021-02-25,22.23,21.92,22.38,21.51,160593351.0,3524600794.46,-1.39
2021-02-26,21.43,21.21,21.79,21.04,113382378.0,2424653753.46,-1.03
2021-03-01,21.37,21.28,21.51,21.01,113423623.0,2408050906.4,-0.42
2021-03-02,21.45,21.48,21.98,21.09,148501162.0,3196536981.14,0.14
2021-03-03,21.41,22.83,22.9,21.29,193473070.0,4320024431.32,6.63
2021-03-04,22.59,22.74,23.31,22.47,122312259.0,2799747146.41,0.66
2021-03-05,22.52,22.17,22.8,21.69,88709281.0,1960439115.04,-1.55
2021-03-08,22.26,21.43,22.51,21.31,100158871.0,2189190957.56,-3.73
2021-03-09,21.51,20.69,21.75,20.42,137260486.0,2882931927.56,-3.81
2021-03-10,20.68,20.24,20.75,20.12,115845523.0,2356185003.94,-2.13
2021-03-11,20.42,21.1,21.21,20.4,105690573.0,2213107787.13,3.33
2021-03-12,21.2,21.31,21.53,21.03,70268317.0,1494219075.5,0.52
2021-03-15,21.23,21.43,21.95,20.95,96628801.0,2077984893.95,0.94
2021-03-16,21.43,21.49,21.94,21.1,94707371.0,2038470660.53,0.28
2021-03-17,21.28,21.03,21.38,20.74,82794859.0,1738185857.1,-1.17
2021-03-18,21.13,21.56,21.56,20.84,69704880.0,1483801548.98,2.04
2021-03-19,21.36,20.31,21.48,20.21,153761930.0,3159181042.96,-4.92
2021-03-22,20.39,21.38,21.38,20.37,146260180.0,3087549484.44,4.86
2021-03-23,21.4,21.06,21.48,20.8,68827352.0,1448043613.41,-1.59
2021-03-24,21.04,20.37,21.11,20.29,85676988.0,1757688572.48,-3.18
2021-03-25,20.42,20.59,20.67,20.24,49653991.0,1017166048.68,0.83
2021-03-26,20.68,20.98,21.23,20.6,82857287.0,1733412579.12,1.45
2021-03-29,21.11,21.32,21.48,21.03,79184492.0,1684397866.28,0.99
2021-03-30,21.21,21.76,21.76,21.04,74446337.0,1601238499.06,2.59
2021-03-31,21.6,21.84,21.9,21.43,78313838.0,1699922183.98,1.11
2021-04-01,21.91,21.61,21.94,21.33,54873036.0,1183868023.66,-1.37
2021-04-02,21.53,21.33,21.56,21.19,58565298.0,1249405387.16,-0.93
2021-04-06,21.38,21.51,21.92,21.34,40425697.0,873387016.62,0.61
2021-04-07,21.71,21.47,21.76,21.14,52167487.0,1116774452.27,-1.11
2021-04-08,21.29,21.39,21.56,21.16,38604153.0,825170840.99,0.47
2021-04-09,21.54,21.13,21.55,20.92,40209758.0,849870878.04,-1.9
2021-04-12,21.34,20.54,21.34,20.47,59942002.0,1240067319.93,-3.75
2021-04-13,20.56,20.62,20.72,20.43,50383527.0,1036992692.52,0.29
2021-04-14,20.63,20.51,20.78,20.26,54166474.0,1113001541.55,-0.58
2021-04-15,20.6,20.2,20.61,19.92,74165167.0,1494016040.75,-1.94
2021-04-16,20.2,20.1,20.27,19.66,73573874.0,1466509057.44,-0.5
2021-04-19,19.87,20.98,21.07,19.75,112102927.0,2304021478.31,5.59
2021-04-20,20.92,21.52,21.78,20.76,84133712.0,1798249024.3,2.87
2021-04-21,22.13,22.83,23.01,22.12,160965875.0,3644577541.25,3.16
2021-04-22,23.01,22.8,23.05,22.6,83621834.0,1905208911.59,-0.91
2021-04-23,23.14,23.11,23.47,22.89,82970378.0,1920413502.35,-0.13
2021-04-26,23.68,22.76,24.04,22.72,87927810.0,2037109597.01,-3.89
2021-04-27,22.77,22.76,23.01,22.68,47413073.0,1083043579.27,-0.04
2021-04-28,23.11,23.17,23.27,22.6,59850769.0,1375141409.72,0.26
2021-04-29,23.16,23.41,23.53,22.93,61967177.0,1439823965.34,1.08
2021-04-30,23.17,23.11,23.31,22.83,56640057.0,1308177202.78,-0.26
2021-05-06,22.92,23.32,23.52,22.92,50422939.0,1174181608.06,1.75
2021-05-07,23.49,23.86,24.11,23.21,80852258.0,1929112374.46,1.58
2021-05-10,23.81,23.67,23.85,22.84,66664025.0,1566860764.09,-0.59
2021-05-11,23.44,23.35,23.56,22.88,50113346.0,1161846399.06,-0.38
2021-05-12,23.11,23.37,23.46,22.7,53745870.0,1245517716.87,1.13
2021-05-13,23.34,22.89,23.41,22.66,55397480.0,1271946298.62,-1.93
2021-05-14,23.14,23.32,23.43,22.6,56378536.0,1300250943.6,0.78
2021-05-17,23.15,23.6,23.82,22.95,52756465.0,1241605192.34,1.94
2021-05-18,23.85,23.9,24.11,23.4,39541498.0,939786731.95,0.21
2021-05-19,23.82,23.6,24.13,23.52,42942033.0,1022553739.18,-0.92
2021-05-20,23.41,23.82,23.84,23.27,40578837.0,957478853.76,1.75
2021-05-21,23.88,23.49,24.09,23.03,53933574.0,1263058114.62,-1.63
2021-05-24,23.48,23.48,23.6,23.19,34393563.0,806092207.23,0.0
2021-05-25,23.54,24.6,24.73,23.45,97237462.0,2363145902.7,4.5
2021-05-26,24.64,25.01,25.12,24.5,91926378.0,2286540248.86,1.5
2021-05-27,24.91,24.79,25.16,24.52,50409136.0,1246712048.75,-0.48
2021-05-28,24.68,24.5,24.71,24.16,49240073.0,1200523315.7,-0.73
